npi,phone
1720074545,305-648-1204
1275586109,(305) 559-1883x6
1750686861,888.860.2778
1346292265,727-462-3696
1043462211,407-880-9631
1124069992,(352) 708-8211x9
1508879123,35-871-3131
1033180500,863.680.7000
1336578277,(813) 8404-5470
1902808678,(561) 392-2021
1740286277,(863) 284-6850
1497983795,+1 786.596.6743
1588725329,7278519654
1619102563,+1 (813) 745-4673
1538181680,352.332.3900
1992743553,(813) 745-4673
1588725329,727-852-0491x5
1538123211,5617767492
1073558300,305.743.4851 ext. 5
1487617270,(954) 659-5194
1083682496,813-657-499
1902808678,(561) 392-2212
1548463144,(813) 844-5991 ext. 12
1487818423,888.860.4303
1275586109,9115592430
1801849617,1-911-259-1553
1992824122,813-396-2523
1992824122,(813) 793-4272
1992824122,1-813.793.4272 ext. 20
1972574408,(863) 422-5737
1699838979,(239) 434-0656 ext. 13
1184695215,863-680-7000
1124069992,352.389.0605
1699838979,(239) 434-0656
1548463144,+1 813-315-4327
1083682496,813-657-4004
1073558300,305.743.3511
1821108341,407-745-1966
1215176995,954-838-2587x13
1700803301,(305) 853-9236x18
1124069992,(352) 708-8211
1992824122,+1 (813) 396-2505
1417957903,352.686.8936
1538181680,352-332-4734
1992743553,(813) 745-4827x7
1811927932,(941) 953-5007
1730110420,727.461.8827
1164483301,561-839-3121
1316920259,239) 437-6260
1750686861,813.745.3932
1487810503,(813) 886-9363
1164483301,9118393515
1326095894,(727) 544-2428
1538123211,561-776-7041 ext. 16
1952668097,(813) 745-4673
1255529442,5613835200
1174594204,(863) 680-7000 ext. 1
1346292265,(727) 462-3696x2
1568411676,561.650.6231
1528269917,(941) 460-1300
1447343033,+1 305-673-0033
1144282641,305-279-2499x20
1073558300,(786) 596-2000
1659485597,813-974-9151 ext. 1
1407810971,813.659.8960
1699919837,911-596-7670
1447797691,(863) 680-7000
1487818423,(813) 745-4673
1376857441,352.727.8547 ext. 13
1902808678,561.955.7100
1730110420,727-724-9265x13
1538181680,352-332-4668x16
1386862415,954-421-3807
1659338457,(954) 965-5763
1023440989,(772) 356-0631
1275841603,8138444642
1720287659,786.662.8968
1871574186,(727) 341-1792x17
1437519014,(305) 825-1485
1407810971,(800) 223-3200
1497983795,(786) 596-7553
1538181680,352.332.3900
1447343033,305-673-0979 ext. 20
1972574408,863.297.5400
1538123211,561.776.7041
1245203058,(407) 290-3050
1386862415,+1 954-421-3200
1730452723,(727) 893-6254
1083604136,(305) 557-3211
1124069992,(352) 389-0605
1699766881,(863) 680-7780
1902808678,561-392-2021
1891783080,(911) 472-1322
1992824122,(813) 396-2505
1316920259,(239) 437-5755
1972572626,(954) 964-6684 ext. 4
1386862415,954-421-3200
1023120664,561-420-8490
1700803301,(305) 853-9779
1720287659,(786) 662-8643
1700844008,305-669-0075
1386862415,(954) 421-3872x7
1144282641,305.279.2993
1114195260,954-414-0458
1659505782,727-443-8888
1972572626,954.964.7193
1538181680,352.332.4311 ext. 18
1760467633,(305) 913-1658 ext. 13
